{
  "properties": [
    {
      "name": "jwt.secret",
      "type": "java.lang.String",
      "description": "Secret key used for signing JWT tokens. Should be a strong, random string."
    },
    {
      "name": "jwt.expiration",
      "type": "java.lang.Integer",
      "description": "JWT token expiration time in milliseconds. Default is 86400000 (24 hours)."
    },
    {
      "name": "file.upload.directory",
      "type": "java.lang.String",
      "description": "Directory path where uploaded files will be stored."
    }
  ]
}
